﻿<?xml version="1.0" encoding="utf-8"?>
<Defs>
    <!--<SoundDef>
        <defName>Ind_PlasmaDrill_Start</defName>  
        <context>MapOnly</context>
        <eventNames />  
        <subSounds>
            <li>
                <muteWhenPaused>True</muteWhenPaused>      
                <grains>
                    <li Class="AudioGrain_Clip">
                        <clipPath>Ind_PlasmaDrill</clipPath>
                    </li>
                </grains>
                <volumeRange>
                    <min>10</min>
                    <max>30</max>
                </volumeRange>
                <sustainLoop>True</sustainLoop>
                <pitchRange>
                    <min>0.97</min>
                    <max>1</max>
                </pitchRange>
            </li>
        </subSounds>
    </SoundDef>

    <SoundDef>
        <defName>Ind_PlasmaDrill_Stop</defName>  
        <context>MapOnly</context>
        <eventNames />  
        <subSounds>
            <li>
                <muteWhenPaused>True</muteWhenPaused>      
                <grains>
                    <li Class="AudioGrain_Clip">
                        <clipPath>Ind_PlasmaDrill</clipPath>
                    </li>
                </grains>
                <volumeRange>
                    <min>10</min>
                    <max>30</max>
                </volumeRange>
                <sustainLoop>True</sustainLoop>
                <pitchRange>
                    <min>0.97</min>
                    <max>1</max>
                </pitchRange>
            </li>
        </subSounds>
    </SoundDef>-->
  
    <SoundDef>
        <defName>Ind_PlasmaDrill</defName>
        <!--<sustain>True</sustain> -->
        <sustain>False</sustain>
        <context>MapOnly</context>
        <eventNames />
        <maxVoices>4</maxVoices>
        <maxSimultaneous>1</maxSimultaneous>
        <priorityMode>PrioritizeNearest</priorityMode>
        <!--<sustainStartSound>Ind_PlasmaDrill_Start</sustainStartSound>  
        <sustainStopSound>Ind_PlasmaDrill_Stop</sustainStopSound>  -->
        <subSounds>
            <li>
                <muteWhenPaused>True</muteWhenPaused>      
                <grains>
                    <li Class="AudioGrain_Clip">
                        <clipPath>Ind_PlasmaDrill</clipPath>
                    </li>
                </grains>
                <volumeRange>
                    <min>10</min>
                    <max>30</max>
                </volumeRange>
                <sustainLoop>False</sustainLoop>
                <pitchRange>
                    <min>0.97</min>
                    <max>1</max>
                </pitchRange>
            </li>
        </subSounds>
    </SoundDef>

    <SoundDef>
        <defName>Ind_PlasmaDrillFire</defName>
        <sustain>False</sustain>
        <context>MapOnly</context>
        <eventNames />
        <maxVoices>4</maxVoices>
        <maxSimultaneous>1</maxSimultaneous>
        <priorityMode>PrioritizeNearest</priorityMode>
        <subSounds>
            <li>
                <muteWhenPaused>True</muteWhenPaused>
                <grains>
                    <li Class="AudioGrain_Clip">
                        <clipPath>Ind_PlasmaDrillFire</clipPath>
                    </li>
                </grains>
                <volumeRange>
                    <min>60</min>
                    <max>70</max>
                </volumeRange>
                <sustainLoop>False</sustainLoop>
                <pitchRange>
                    <min>0.97</min>
                    <max>1</max>
                </pitchRange>
            </li>
        </subSounds>
    </SoundDef>

</Defs>