﻿<?xml version="1.0" encoding="utf-8" ?>
<Defs>


    <!-- ============= misc ============= -->

    <WorkGiverDef>
        <defName>Ind_DoBillsMixconcrete</defName>
        <label>Do bills at concrete mixer</label>
        <giverClass>WorkGiver_DoBill</giverClass>
        <workType>Crafting</workType>
        <priorityInType>91</priorityInType>
        <fixedBillGiverDefs>
            <li>Ind_ConcreteMixer</li>
        </fixedBillGiverDefs>
        <verb>work</verb>
        <gerund>working at</gerund>
        <requiredCapacities>
            <li>Manipulation</li>
        </requiredCapacities>
    </WorkGiverDef>

    <WorkGiverDef>
        <defName>Ind_DoBillsDeepMine</defName>
        <label>Do bills at deep mine</label>
        <giverClass>WorkGiver_DoBill</giverClass>
        <workType>Mining</workType>
        <priorityInType>90</priorityInType>
        <fixedBillGiverDefs>
            <li>Ind_DeepMine</li>
        </fixedBillGiverDefs>
        <verb>work</verb>
        <gerund>working at</gerund>
        <requiredCapacities>
            <li>Manipulation</li>
        </requiredCapacities>
    </WorkGiverDef>

    <WorkGiverDef>
        <defName>Ind_DoBillsElectricArcFurnace</defName>
        <label>Do bills at electric arc furnace</label>
        <giverClass>WorkGiver_DoBill</giverClass>
        <workType>Smithing</workType>
        <priorityInType>70</priorityInType>
        <fixedBillGiverDefs>
            <li>Ind_ElectricArcFurnace</li>
        </fixedBillGiverDefs>
        <verb>work</verb>
        <gerund>working at</gerund>
        <requiredCapacities>
            <li>Manipulation</li>
        </requiredCapacities>
    </WorkGiverDef>

</Defs>