<?xml version="1.0" encoding="utf-8" ?>
<Patch>
    <Operation Class="PatchOperationSequence">
        <success>Always</success>
        <operations>

            <!-- Test if Cupro's Alloys Mod is loaded -->
            <li Class="PatchOperationTest">
                <xpath>*/ThingDef[@ParentName="CAL_OreBase"]/defName</xpath>
                <success>Normal</success>  <!-- Using "Invert" did not work as expected -->
            </li>

            <!-- Replace all references of Ind_Copper with CAL_Copper -->
            <li Class="PatchOperationReplace">
                <xpath>*/ThingDef[defName="Ind_IndustrialCable"]/costList/Ind_Copper</xpath>
                <value>
                    <CAL_Copper>1</CAL_Copper>
                </value>
            </li>
            <li Class="PatchOperationReplace">
                <xpath>*/ThingDef[defName="Ind_IndustrialBattery"]/costList/Ind_Copper</xpath>
                <value>
                    <CAL_Copper>15</CAL_Copper>
                </value>
            </li>
	    <li Class="PatchOperationReplace">
                <xpath>*/ThingDef[defName="Ind_NuclearPowerPlant"]/costList/Ind_Copper</xpath>
                <value>
                    <CAL_Copper>200</CAL_Copper>
                </value>
            </li>
            <li Class="PatchOperationReplace">
                <xpath>*/RecipeDef[defName="Ind_DeepMineCopper"]/products/Ind_Copper</xpath>
                <value>
                    <CAL_Copper>15</CAL_Copper>
                </value>
            </li>
            <li Class="PatchOperationReplace">
                <xpath>*/TraderKindDef/stockGenerators/li[thingDef="Ind_Copper"]/thingDef</xpath>
                <value>
                    <thingDef>CAL_Copper</thingDef>
                </value>
            </li>
            <li Class="PatchOperationReplace">
                <xpath>*/ThingDef[defName="Ind_MineableCopper"]/building/mineableThing</xpath>
                <value>
                    <mineableThing>CAL_Copper</mineableThing>
                </value>
            </li>       
            <li Class="PatchOperationReplace">
                <xpath>*/TerrainDef[defName="Ind_CopperTile"]/costList/Ind_Copper</xpath>
                <value>
                    <CAL_Copper>5</CAL_Copper>
                </value>
            </li> 

            <!-- Replace all references of Ind_Aluminium with CAL_Aluminum -->
            <li Class="PatchOperationReplace">
                <xpath>*/RecipeDef[defName="Ind_DeepMineAluminium"]/products/Ind_Aluminium</xpath>
                <value>
                    <CAL_Aluminum>15</CAL_Aluminum>
                </value>
            </li>
            <li Class="PatchOperationReplace">
                <xpath>*/RecipeDef[defName="Ind_DeepMineAluminium"]/label</xpath>
                <value>
                    <label>Mine deep aluminum</label>
                </value>
            </li>
            <li Class="PatchOperationReplace">
                <xpath>*/ThingDef[defName="Ind_IndustrialBattery"]/costList/Ind_Aluminium</xpath>
                <value>
                    <CAL_Aluminum>5</CAL_Aluminum>
                </value>
            </li> 
	    <li Class="PatchOperationReplace">
                <xpath>*/ThingDef[defName="Ind_NuclearPowerPlant"]/costList/Ind_Aluminium</xpath>
                <value>
                    <CAL_Aluminum>300</CAL_Aluminum>
                </value>
            </li>      
            <li Class="PatchOperationReplace">
                <xpath>*/TraderKindDef/stockGenerators/li[thingDef="Ind_Aluminium"]/thingDef</xpath>
                <value>
                    <thingDef>CAL_Aluminum</thingDef>
                </value>
            </li>                
            <li Class="PatchOperationReplace">
                <xpath>*/ThingDef[defName="Ind_MineableAluminium"]/label</xpath>
                <value>
                    <label>compacted aluminum</label>
                </value>
            </li>  
            <li Class="PatchOperationReplace">
                <xpath>*/ThingDef[defName="Ind_MineableAluminium"]/description</xpath>
                <value>
                    <description>The remains of some ancient, collapsed structure. Rich in aluminum.</description>
                </value>
            </li>               
            <li Class="PatchOperationReplace">
                <xpath>*/ThingDef[defName="Ind_MineableAluminium"]/building/mineableThing</xpath>
                <value>
                    <mineableThing>CAL_Aluminum</mineableThing>
                </value>
            </li>

            <!-- Add Cupro's Raw Metals to Deep Mine Menu -->
            <li Class="PatchOperationAdd">
                <xpath>*/RecipeDef[@Name="Ind_DeepMineBase"]/..</xpath>
                <value>
                    <RecipeDef ParentName="Ind_DeepMineBase">
                        <defName>Ind_DeepMineTin</defName>
                        <label>Mine deep tin</label>
                        <description>Mine deep tin.</description>
                        <workAmount>1500</workAmount>
                        <products>
                            <CAL_Tin>15</CAL_Tin>
                        </products>
                    </RecipeDef>
                </value>
            </li>  
            <!-- CAL_Zinc -->            
            <li Class="PatchOperationAdd">
                <xpath>*/RecipeDef[@Name="Ind_DeepMineBase"]/..</xpath>
                <value>
                    <RecipeDef ParentName="Ind_DeepMineBase">
                        <defName>Ind_DeepMineZinc</defName>
                        <label>Mine deep zinc</label>
                        <description>Mine deep zinc.</description>
                        <workAmount>1500</workAmount>
                        <products>
                            <CAL_Zinc>15</CAL_Zinc>
                        </products>
                    </RecipeDef>
                </value>
            </li>  
            <!-- CAL_Nickel -->
            <li Class="PatchOperationAdd">
                <xpath>*/RecipeDef[@Name="Ind_DeepMineBase"]/..</xpath>
                <value>
                    <RecipeDef ParentName="Ind_DeepMineBase">
                        <defName>Ind_DeepMineNickel</defName>
                        <label>Mine deep nickel</label>
                        <description>Mine deep nickel.</description>
                        <workAmount>1500</workAmount>
                        <products>
                            <CAL_Nickel>15</CAL_Nickel>
                        </products>
                    </RecipeDef>
                </value>
            </li>              
            <!-- CAL_Bismuth -->
            <li Class="PatchOperationAdd">
                <xpath>*/RecipeDef[@Name="Ind_DeepMineBase"]/..</xpath>
                <value>
                    <RecipeDef ParentName="Ind_DeepMineBase">
                        <defName>Ind_DeepMineBismuth</defName>
                        <label>Mine deep bismuth</label>
                        <description>Mine deep bismuth.</description>
                        <workAmount>1500</workAmount>
                        <products>
                            <CAL_Bismuth>15</CAL_Bismuth>
                        </products>
                    </RecipeDef>
                </value>
            </li>  
            <!-- CAL_Lead -->
            <li Class="PatchOperationAdd">
                <xpath>*/RecipeDef[@Name="Ind_DeepMineBase"]/..</xpath>
                <value>
                    <RecipeDef ParentName="Ind_DeepMineBase">
                        <defName>Ind_DeepMineLead</defName>
                        <label>Mine deep lead</label>
                        <description>Mine deep lead.</description>
                        <workAmount>1500</workAmount>
                        <products>
                            <CAL_Lead>15</CAL_Lead>
                        </products>
                    </RecipeDef>
                </value>
            </li>  
            <!-- CAL_Chromium -->
            <li Class="PatchOperationAdd">
                <xpath>*/RecipeDef[@Name="Ind_DeepMineBase"]/..</xpath>
                <value>
                    <RecipeDef ParentName="Ind_DeepMineBase">
                        <defName>Ind_DeepMineChromium</defName>
                        <label>Mine deep chromium</label>
                        <description>Mine deep chromium.</description>
                        <workAmount>1500</workAmount>
                        <products>
                            <CAL_Chromium>15</CAL_Chromium>
                        </products>
                    </RecipeDef>
                </value>
            </li>  
        </operations>
    </Operation>
</Patch>    