﻿<?xml version="1.0" encoding="utf-8"?>
<Defs>

    <TraderKindDef>
        <defName>Ind_Orbital_DeepSpaceMiningShip</defName>
        <label>deep space mining ship</label>
        <commonality>0.5</commonality>
        <orbital>true</orbital>
        <stockGenerators>
            <li Class="StockGenerator_SingleDef">
                <thingDef>Silver</thingDef>
                <countRange>
                    <min>2400</min>
                    <max>6000</max>
                </countRange>
            </li>
            <li Class="StockGenerator_SingleDef">
                <thingDef>Ind_Copper</thingDef>
                <countRange>
                    <min>200</min>
                    <max>600</max>
                </countRange>
            </li>
            <li Class="StockGenerator_SingleDef">
                <thingDef>Steel</thingDef>
                <price>Cheap</price>
                <countRange>
                    <min>800</min>
                    <max>1500</max>
                </countRange>
            </li>
            <li Class="StockGenerator_SingleDef">
                <thingDef>Ind_Aluminium</thingDef>
                <price>Cheap</price>
                <countRange>
                    <min>200</min>
                    <max>600</max>
                </countRange>
            </li>
            <li Class="StockGenerator_SingleDef">
                <thingDef>Uranium</thingDef>
                <countRange>
                    <min>100</min>
                    <max>300</max>
                </countRange>
            </li>
            <li Class="StockGenerator_SingleDef">
                <thingDef>Plasteel</thingDef>
                <countRange>
                    <min>100</min>
                    <max>300</max>
                </countRange>
            </li>
            <li Class="StockGenerator_SingleDef">
                <thingDef>MealSurvivalPack</thingDef>
                <countRange>
                    <min>20</min>
                    <max>50</max>
                </countRange>
            </li>
            <li Class="StockGenerator_SingleDef">
                <thingDef>WoodLog</thingDef>
                <countRange>
                    <min>200</min>
                    <max>600</max>
                </countRange>
            </li>
            <li Class="StockGenerator_SingleDef">
                <thingDef>MedicineIndustrial</thingDef>
                <price>Expensive</price>
                <countRange>
                    <min>10</min>
                    <max>30</max>
                </countRange>
            </li>
            <li Class="StockGenerator_SingleDef">
                <thingDef>MedicineUltratech</thingDef>
                <price>Expensive</price>
                <countRange>
                    <min>5</min>
                    <max>10</max>
                </countRange>
            </li>
            <li Class="StockGenerator_SingleDef">
                <thingDef>Ind_SkydrillerCallmaker</thingDef>
                <countRange>
                    <min>1</min>
                    <max>2</max>
                </countRange>
            </li>
        </stockGenerators>
    </TraderKindDef>

</Defs>