﻿<?xml version="1.0" encoding="utf-8" ?>
<Defs>

    <!-- ================ Bases ================ -->

    <ThingDef Name="Ind_ResourceBase" Abstract="True">
        <thingClass>ThingWithComps</thingClass>
        <category>Item</category>
        <resourceReadoutPriority>Middle</resourceReadoutPriority>
        <useHitPoints>true</useHitPoints>
        <selectable>true</selectable>
        <altitudeLayer>Item</altitudeLayer>
        <stackLimit>75</stackLimit>
        <statBases>
            <Beauty>-7</Beauty>
        </statBases>
        <comps>
            <li Class="CompProperties_Forbiddable"/>
        </comps>
        <alwaysHaulable>true</alwaysHaulable>
        <drawGUIOverlay>true</drawGUIOverlay>
        <rotatable>false</rotatable>
        <pathCost>15</pathCost>
    </ThingDef>

    <!-- ================ Concrete ================ -->

    <ThingDef ParentName="Ind_ResourceBase" Name="Ind_StoneBlocksBase" Abstract="True">
        <description>Blocks of stone. Mostly useful for building long-lasting, simple structures.</description>
        <graphicData>
            <texPath>Things/Item/Resource/StoneBlocks</texPath>
            <graphicClass>Graphic_Single</graphicClass>
        </graphicData>
        <soundInteract>Stone_Drop</soundInteract>
        <soundDrop>Stone_Drop</soundDrop>
        <useHitPoints>false</useHitPoints>
        <statBases>
            <MarketValue>1.9</MarketValue>
            <SharpDamageMultiplier>0.6</SharpDamageMultiplier>
            <BluntDamageMultiplier>1.0</BluntDamageMultiplier>
            <Beauty>-12</Beauty>
        </statBases>
        <thingCategories>
            <li>StoneBlocks</li>
        </thingCategories>
        <stuffProps>
            <categories>
                <li>Stony</li>
            </categories>
            <commonality>0.20</commonality>
            <!-- because there are so many stone types -->
            <appearance>Bricks</appearance>
            <statOffsets>
                <WorkToBuild>140</WorkToBuild>
                <Beauty>2</Beauty>
            </statOffsets>
            <statFactors>
                <Beauty>1.2</Beauty>
                <MarketValue>0.4</MarketValue>
                <MaxHitPoints>2.4</MaxHitPoints>
                <Flammability>0</Flammability>
                <WorkToBuild>6.0</WorkToBuild>
                <WorkToMake>1.3</WorkToMake>
                <DoorOpenSpeed>0.45</DoorOpenSpeed>
                <BedRestEffectiveness>0.9</BedRestEffectiveness>
            </statFactors>
        </stuffProps>
        <tools>
            <li>
                <capacities>
                    <li>Blunt</li>
                </capacities>
                <power>1</power>
                <cooldownTime>1.35</cooldownTime>
            </li>
        </tools>
    </ThingDef>

    <ThingDef ParentName="Ind_StoneBlocksBase">
        <defName>Ind_Concrete</defName>
        <label>concrete</label>
        <description>widely used construction material.</description>
        <graphicData>
            <texPath>Ind/Stuff/Concrete</texPath>
            <graphicClass>Graphic_Single</graphicClass>
        </graphicData>
        <soundInteract>Stone_Drop</soundInteract>
        <soundDrop>Stone_Drop</soundDrop>
        <statBases>
            <MaxHitPoints>300</MaxHitPoints>
            <MarketValue>4.9</MarketValue>
            <Mass>1</Mass>
            <StuffPower_Armor_Sharp>0.1</StuffPower_Armor_Sharp>
            <StuffPower_Armor_Blunt>0.2</StuffPower_Armor_Blunt>
            <StuffPower_Armor_Heat>0.1</StuffPower_Armor_Heat>
            <StuffPower_Insulation_Cold>2</StuffPower_Insulation_Cold>
            <StuffPower_Insulation_Heat>1</StuffPower_Insulation_Heat>
            <SharpDamageMultiplier>0.1</SharpDamageMultiplier>
            <BluntDamageMultiplier>1.2</BluntDamageMultiplier>
        </statBases>
        <useHitPoints>false</useHitPoints>
        <thingCategories>
            <li>ResourcesRaw</li>
        </thingCategories>
        <deepCommonality>1</deepCommonality>
        <deepCountPerPortion>1</deepCountPerPortion>
        <deepLumpSizeRange>
            <min>0</min>
            <max>1</max>
        </deepLumpSizeRange>
        <stuffProps>
            <constructEffect>ConstructDirt</constructEffect>
            <color>(122,122,120)</color>
            <soundImpactStuff>BulletImpact_Ground</soundImpactStuff>
            <soundMeleeHitSharp>MeleeHit_Stone</soundMeleeHitSharp>
            <soundMeleeHitBlunt>MeleeHit_Stone</soundMeleeHitBlunt>
            <stuffAdjective>concrete</stuffAdjective>
            <appearance>Planks</appearance>
            <statOffsets>
                <WorkToBuild>140</WorkToBuild>
                <Beauty>0</Beauty>
            </statOffsets>
            <statFactors>
                <Beauty>1</Beauty>  
                <MarketValue>0.45</MarketValue>
                <MaxHitPoints>1.55</MaxHitPoints>
                <WorkToBuild>2.0</WorkToBuild>
                <DoorOpenSpeed>0.7</DoorOpenSpeed>
                <WorkToMake>1.2</WorkToMake>
            </statFactors>
        </stuffProps>
    </ThingDef>

    <!-- ================ Metal ================ -->

    <ThingDef ParentName="Ind_ResourceBase">
        <defName>Ind_HighGradeSteel</defName>
        <label>high-grade steel</label>
        <description>High-grade steel used for building more stronger structures, tools, and weapons.</description>
        <graphicData>
            <texPath>Ind/Stuff/HighGradeSteel</texPath>
            <graphicClass>Graphic_Single</graphicClass>
        </graphicData>
        <soundInteract>Metal_Drop</soundInteract>
        <soundDrop>Metal_Drop</soundDrop>
        <smeltable>true</smeltable>
        <statBases>
            <MarketValue>4</MarketValue>
            <Mass>0.5</Mass>
            <StuffPower_Armor_Sharp>1.2</StuffPower_Armor_Sharp>
            <StuffPower_Armor_Blunt>1.3</StuffPower_Armor_Blunt>
            <StuffPower_Armor_Heat>0.5</StuffPower_Armor_Heat>
            <StuffPower_Insulation_Cold>2</StuffPower_Insulation_Cold>
            <StuffPower_Insulation_Heat>1</StuffPower_Insulation_Heat>
            <SharpDamageMultiplier>1.2</SharpDamageMultiplier>
            <BluntDamageMultiplier>1.3</BluntDamageMultiplier>
        </statBases>
        <useHitPoints>false</useHitPoints>
        <slagDef>ChunkSlagSteel</slagDef>
        <thingCategories>
            <li>ResourcesRaw</li>
        </thingCategories>
        <deepCommonality>1</deepCommonality>
        <deepCountPerPortion>1</deepCountPerPortion>
        <deepLumpSizeRange>
            <min>1</min>
            <max>1</max>
        </deepLumpSizeRange>
        <stuffProps>
            <categories>
                <li>Metallic</li>
            </categories>
            <commonality>0.25</commonality>
            <constructEffect>ConstructMetal</constructEffect>
            <color>(126,126,129)</color>
            <soundImpactStuff>BulletImpact_Metal</soundImpactStuff>
            <soundMeleeHitSharp>MeleeHit_Metal_Sharp</soundMeleeHitSharp>
            <soundMeleeHitBlunt>MeleeHit_Metal_Blunt</soundMeleeHitBlunt>
            <statOffsets>
                <Beauty>1.0</Beauty>
            </statOffsets>
            <statFactors>
                <MaxHitPoints>1.7</MaxHitPoints>
                <Beauty>1.1</Beauty>
                <Flammability>0.1</Flammability>
                <WorkToBuild>1.2</WorkToBuild>
                <WorkToMake>1.2</WorkToMake>
            </statFactors>            
        </stuffProps>
        <tools>
            <li>
                <capacities>
                    <li>Blunt</li>
                </capacities>
                <power>1</power>
                <cooldownTime>1</cooldownTime>
            </li>
            <li>
                <capacities>
                    <li>Cut</li>
                </capacities>
                <power>1.1</power>
                <cooldownTime>1</cooldownTime>
            </li>
        </tools>
    </ThingDef>

    <ThingDef ParentName="Ind_ResourceBase">
        <defName>Ind_Copper</defName>
        <label>copper</label>
        <description>soft but beautiful metal, mostly used for art.</description>
        <graphicData>
            <texPath>Ind/Stuff/Copper</texPath>
            <graphicClass>Graphic_Single</graphicClass>
        </graphicData>
        <soundInteract>Metal_Drop</soundInteract>
        <soundDrop>Metal_Drop</soundDrop>

        <statBases>
            <MarketValue>7</MarketValue>
            <Mass>0.57</Mass>
            <StuffPower_Armor_Sharp>0.8</StuffPower_Armor_Sharp>
            <StuffPower_Armor_Blunt>0.50</StuffPower_Armor_Blunt>
            <StuffPower_Armor_Heat>0.82</StuffPower_Armor_Heat>
            <StuffPower_Insulation_Cold>3</StuffPower_Insulation_Cold>
            <StuffPower_Insulation_Heat>0</StuffPower_Insulation_Heat>
            <SharpDamageMultiplier>0.7</SharpDamageMultiplier>
            <BluntDamageMultiplier>1.0</BluntDamageMultiplier>
        </statBases>
        <useHitPoints>false</useHitPoints>
        <thingCategories>
            <li>ResourcesRaw</li>
        </thingCategories>
        <deepCommonality>4</deepCommonality>
        <deepCountPerPortion>35</deepCountPerPortion>
        <deepLumpSizeRange>
            <min>20</min>
            <max>40</max>
        </deepLumpSizeRange>
        <smeltable>true</smeltable>
        <stuffProps>
            <categories>
                <li>Metallic</li>
            </categories>
            <commonality>1.00</commonality>
            <constructEffect>ConstructMetal</constructEffect>
            <color>(128,170,150)</color>
            <soundImpactStuff>BulletImpact_Metal</soundImpactStuff>
            <soundMeleeHitSharp>MeleeHit_Metal_Sharp</soundMeleeHitSharp>
            <soundMeleeHitBlunt>MeleeHit_Metal_Blunt</soundMeleeHitBlunt>
            <statOffsets>
                <Beauty>7</Beauty>
            </statOffsets>
            <statFactors>
                <MaxHitPoints>0.7</MaxHitPoints>
                <Beauty>3.5</Beauty>
                <Flammability>0.2</Flammability>
                <WorkToMake>0.9</WorkToMake>
                <WorkToBuild>0.9</WorkToBuild>
            </statFactors>            
        </stuffProps>
        <tools>
            <li>
                <capacities>
                    <li>Blunt</li>
                </capacities>
                <power>1.0</power>
                <cooldownTime>1.1</cooldownTime>
            </li>
            <li>
                <capacities>
                    <li>Cut</li>
                </capacities>
                <power>0.7</power>
                <cooldownTime>1.1</cooldownTime>
            </li>
        </tools>
    </ThingDef>

    <ThingDef ParentName="Ind_ResourceBase">
        <defName>Ind_Aluminium</defName>
        <label>aluminium</label>
        <description>Aluminium is a silvery white, soft, nonmagnetic, ductile metal, remarkable for the metal's low density and for its ability to resist corrosion due to the phenomenon of passivation.</description>
        <graphicData>
            <texPath>Ind/Stuff/Aluminium</texPath>
            <graphicClass>Graphic_Single</graphicClass>
        </graphicData>
        <soundInteract>Metal_Drop</soundInteract>
        <soundDrop>Metal_Drop</soundDrop>

        <statBases>
            <MarketValue>4</MarketValue>
            <Mass>0.17</Mass>
            <StuffPower_Armor_Sharp>0.6</StuffPower_Armor_Sharp>
            <StuffPower_Armor_Blunt>0.30</StuffPower_Armor_Blunt>
            <StuffPower_Armor_Heat>0.92</StuffPower_Armor_Heat>
            <StuffPower_Insulation_Cold>3</StuffPower_Insulation_Cold>
            <StuffPower_Insulation_Heat>5</StuffPower_Insulation_Heat>
            <SharpDamageMultiplier>0.6</SharpDamageMultiplier>
            <BluntDamageMultiplier>0.9</BluntDamageMultiplier>
        </statBases>
        <useHitPoints>false</useHitPoints>
        <thingCategories>
            <li>ResourcesRaw</li>
        </thingCategories>
        <deepCommonality>4</deepCommonality>
        <deepCountPerPortion>35</deepCountPerPortion>
        <deepLumpSizeRange>
            <min>20</min>
            <max>40</max>
        </deepLumpSizeRange>
        <smeltable>true</smeltable>
        <stuffProps>
            <categories>
                <li>Metallic</li>
            </categories>
            <commonality>1.00</commonality>
            <constructEffect>ConstructMetal</constructEffect>
            <color>(175,175,175)</color>
            <soundImpactStuff>BulletImpact_Metal</soundImpactStuff>
            <soundMeleeHitSharp>MeleeHit_Metal_Sharp</soundMeleeHitSharp>
            <soundMeleeHitBlunt>MeleeHit_Metal_Blunt</soundMeleeHitBlunt>
            <statOffsets>
                <Beauty>2.5</Beauty>
            </statOffsets>
            <statFactors>
                <MaxHitPoints>0.8</MaxHitPoints>
                <Beauty>2</Beauty>
                <Flammability>0.1</Flammability>
                <WorkToMake>0.8</WorkToMake>
                <WorkToBuild>0.8</WorkToBuild>
                <DoorOpenSpeed>1.2</DoorOpenSpeed>
            </statFactors>            
        </stuffProps>
        <tools>
            <li>
                <capacities>
                    <li>Blunt</li>
                </capacities>
                <power>0.9</power>
                <cooldownTime>0.9</cooldownTime>
            </li>
            <li>
                <capacities>
                    <li>Cut</li>
                </capacities>
                <power>0.6</power>
                <cooldownTime>0.9</cooldownTime>
            </li>
        </tools>
    </ThingDef>

</Defs>