﻿<?xml version="1.0" encoding="utf-8" ?>
<Defs>

    <ThingDef Name="Ind_BuildingNaturalBase" Abstract="True">
        <category>Building</category>
        <selectable>true</selectable>
        <drawerType>MapMeshOnly</drawerType>
        <filthLeaving>Filth_RubbleRock</filthLeaving>
        <scatterableOnMapGen>false</scatterableOnMapGen>
    </ThingDef>

    <ThingDef Name="Ind_RockBase" ParentName="Ind_BuildingNaturalBase" Abstract="True" >
        <thingClass>Mineable</thingClass>
        <graphicData>
            <texPath>Things/Building/Linked/Rock_Atlas</texPath>
            <graphicClass>Graphic_Single</graphicClass>
            <linkType>CornerFiller</linkType>
            <linkFlags>
                <li>Rock</li>
                <li>MapEdge</li>
            </linkFlags>
        </graphicData>
        <altitudeLayer>Building</altitudeLayer>
        <passability>Impassable</passability>
        <blockWind>true</blockWind>
        <castEdgeShadows>true</castEdgeShadows>
        <fillPercent>1</fillPercent>
        <coversFloor>true</coversFloor>
        <neverMultiSelect>true</neverMultiSelect>
        <rotatable>false</rotatable>
        <saveCompressible>true</saveCompressible>
        <holdsRoof>true</holdsRoof>
        <staticSunShadowHeight>1.0</staticSunShadowHeight>
        <blockLight>true</blockLight>
        <mineable>true</mineable>
        <statBases>
            <Flammability>0</Flammability>
        </statBases>
        <building>
            <isInert>true</isInert>
            <isNaturalRock>true</isNaturalRock>
            <canBuildNonEdificesUnder>false</canBuildNonEdificesUnder>
            <deconstructible>false</deconstructible>
        </building>
    </ThingDef>

    <!--============================ Resource rocks ===============================--> 

    <ThingDef ParentName="Ind_RockBase">
        <defName>Ind_MineableCopper</defName>
        <label>compacted copper</label>
        <description>The remains of some ancient, collapsed structure. Rich in copper.</description>
        <graphicData>
            <texPath>Things/Building/Linked/RockFlecked_Atlas</texPath>
            <graphicClass>Graphic_Single</graphicClass>
            <shaderType>CutoutComplex</shaderType>
            <color>(90,130,110)</color>
            <colorTwo>(160,115,45)</colorTwo>
        </graphicData>
        <statBases>
            <MaxHitPoints>1500</MaxHitPoints>
        </statBases>
        <building>
            <isResourceRock>true</isResourceRock>
            <mineableThing>Ind_Copper</mineableThing>
            <mineableYield>35</mineableYield>
            <mineableScatterCommonality>0.15</mineableScatterCommonality>
            <mineableScatterLumpSizeRange>
                <min>7</min>
                <max>14</max>
            </mineableScatterLumpSizeRange>
        </building>
    </ThingDef>

    <ThingDef ParentName="Ind_RockBase">
        <defName>Ind_MineableAluminium</defName>
        <label>compacted aluminium</label>
        <description>The remains of some ancient, collapsed structure. Rich in aluminium.</description>
        <graphicData>
            <texPath>Things/Building/Linked/RockFlecked_Atlas</texPath>
            <graphicClass>Graphic_Single</graphicClass>
            <shaderType>CutoutComplex</shaderType>
            <color>(124,124,110)</color>
            <colorTwo>(175,175,165)</colorTwo>
        </graphicData>
        <statBases>
            <MaxHitPoints>1500</MaxHitPoints>
        </statBases>
        <building>
            <isResourceRock>true</isResourceRock>
            <mineableThing>Ind_Aluminium</mineableThing>
            <mineableYield>35</mineableYield>
            <mineableScatterCommonality>0.15</mineableScatterCommonality>
            <mineableScatterLumpSizeRange>
                <min>9</min>
                <max>18</max>
            </mineableScatterLumpSizeRange>
        </building>
    </ThingDef>

</Defs>