﻿<?xml version="1.0" encoding="utf-8"?>
<ModMetaData>
    <name>Industrialisation</name>
    <author>TrashedDT</author>
    <supportedVersions>
        <li>1.0</li>
        <li>1.1</li>
        <li>1.2</li>
        <li>1.3</li>
        <li>1.4</li>
    </supportedVersions>
    <packageId>trasheddt.industrialisation</packageId>
    <loadAfter>
        <li>GT.Sam.GlitterTech</li>
        <li>GT.Sam.GlitterTechNS</li>
        <li>Xavior.GlitterTech</li>
        <li>Xavior.GlitterTechNS</li>
        <li>TheWireLord354.ConduitDeconstruct</li>        
        <li>Mlie.CuprosAlloys</li>
        <li>earthyturtle.letstrade</li>
        <li>TRP.WealthyTraders</li>
    </loadAfter>
    <description>Adds some heavy industries to the game. 
Original Developers: eatKenny, duduluu
Current Developer: TrashedDT
Translators: Drakuv (Italian), TeiXeR (German)

&lt;color=#ffee58&gt;&lt;b&gt;Compatible with existing save and other mods, enjoy it.&lt;/b&gt;&lt;/color&gt;

&lt;color=#ffee58&gt;&lt;b&gt;How to build a deep mine:&lt;/b&gt;&lt;/color&gt;
 1. Buy a 'skydriller callmaker'
 2. Install and active it
 3. Wait for the plasma beam to make a 'mine hole'
 4. Build a 'deep mine' on the mine hole

&lt;color=#ffee58&gt;&lt;b&gt;New stuff:&lt;/b&gt;&lt;/color&gt;
 - concrete  
 - high-grade steel  (Electric Arc Furnace + 75 steel)
 - copper  
 - aluminium
 - skydriller callmaker - Used to create mining holes for the deep mine.

Note: To active the skydriller callmake:
1) Place in the desired location
2) After selecting a pawn, right click on the callmake and choose 'Activate".

&lt;color=#ffee58&gt;&lt;b&gt;New bench:&lt;/b&gt;&lt;/color&gt;
 - concrete mixer
 - electric arc furnace (required research: Electricity)
 - deep mine - unlimited raw materials (required research: Deep Drilling)

&lt;color=#ffee58&gt;&lt;b&gt;New power building:&lt;/b&gt;&lt;/color&gt;
 - industrial cable - never short circuits
 - industrial battery - never short circuits
 - nuclear power plant - Use uranium to produce massive amounts of power (20kW)

&lt;color=#ffee58&gt;&lt;b&gt;New trader ship:&lt;/b&gt;&lt;/color&gt;
 - deep space mining ship

 &lt;color=#ffee58&gt;&lt;b&gt;Mod Suport:&lt;/b&gt;&lt;/color&gt;
 - Glitter Tech - Titanium added to Deep Mine
 - Cupro's Alloy - Metals added to Deep Mine, Industrialisation recipes replaced by Cupro's copper and aluminum
 
&lt;color=#ffee58&gt;&lt;b&gt;License&lt;/b&gt;&lt;/color&gt;
 - Source code: MIT License https://opensource.org/licenses/MIT
 - Artwork: CC BY-SA 4.0 http://creativecommons.org/licenses/by-sa/4.0/
</description>
</ModMetaData>